id,taxon,long,lat,abundance
1,Harpyhaliaetus coronatus,-65.5490300000,-37.9613600000,1
2,Harpyhaliaetus coronatus,-65.5910000000,-37.9830000000,1
3,Harpyhaliaetus coronatus,-65.6320000000,-37.9970000000,1
4,Harpyhaliaetus coronatus,-62.5670000000,-19.9170000000,1
5,Harpyhaliaetus coronatus,-58.6830000000,-18.8500000000,1
9,Harpyhaliaetus coronatus,-42.9500000000,-22.4200000000,1
10,Harpyhaliaetus coronatus,-42.8932000000,-16.5653000000,1
17,Harpyhaliaetus coronatus,-51.5016000000,-18.6236000000,1
18,Harpyhaliaetus coronatus,-66.5833000000,-32.3520000000,1
19,Harpyhaliaetus coronatus,-66.9363000000,-28.8133000000,1
20,Harpyhaliaetus coronatus,-65.2591000000,-35.4284000000,1
21,Harpyhaliaetus coronatus,-50.2656000000,-24.5707000000,1
23,Harpyhaliaetus coronatus,-43.9416000000,-16.7094000000,1
25,Harpyhaliaetus coronatus,-64.2788000000,-36.6232000000,1
26,Harpyhaliaetus coronatus,-67.4913000000,-30.7319000000,1
27,Harpyhaliaetus coronatus,-65.4600000000,-32.8050000000,1
28,Harpyhaliaetus coronatus,-45.0022000000,-19.2108000000,1
29,Harpyhaliaetus coronatus,-64.6564840000,-31.8912940000,1
30,Harpyhaliaetus coronatus,-50.3868000000,-29.4239000000,1
31,Harpyhaliaetus coronatus,-64.2247000000,-36.9035000000,1
32,Harpyhaliaetus coronatus,-50.3815000000,-29.3925000000,1
33,Harpyhaliaetus coronatus,-65.9175000000,-32.3928000000,1
35,Harpyhaliaetus coronatus,-59.7090000000,-26.8270000000,1
37,Harpyhaliaetus coronatus,-58.0882000000,-29.8014000000,1
38,Harpyhaliaetus coronatus,-64.2265000000,-37.5748000000,1
39,Harpyhaliaetus coronatus,-65.8004000000,-11.3781000000,1
40,Harpyhaliaetus coronatus,-42.9395000000,-22.3450000000,1
41,Harpyhaliaetus coronatus,-49.8410000000,-28.0160000000,1
42,Harpyhaliaetus coronatus,-67.1789000000,-33.2258000000,1
43,Harpyhaliaetus coronatus,-49.8328000000,-28.0116000000,1
48,Harpyhaliaetus coronatus,-43.8921000000,-22.6769000000,1
49,Harpyhaliaetus coronatus,-61.1304000000,-31.9335000000,1
51,Harpyhaliaetus coronatus,-43.6441000000,-20.2824000000,1
52,Harpyhaliaetus coronatus,-45.5333000000,-13.6355000000,1
53,Harpyhaliaetus coronatus,-62.4582000000,-21.6725000000,1
55,Harpyhaliaetus coronatus,-45.5223000000,-13.6361000000,1
56,Harpyhaliaetus coronatus,-65.8000000000,-11.2833000000,1
58,Harpyhaliaetus coronatus,-41.3948000000,-13.0101000000,1
59,Harpyhaliaetus coronatus,-58.3652000000,-26.0330000000,1
61,Harpyhaliaetus coronatus,-66.8708000000,-32.3622000000,1
62,Harpyhaliaetus coronatus,-46.7653000000,-23.2115000000,1
63,Harpyhaliaetus coronatus,-65.0998000000,-36.2046000000,1
64,Harpyhaliaetus coronatus,-66.8504000000,-32.3621000000,1
66,Harpyhaliaetus coronatus,-55.2871000000,-15.8176000000,1
67,Harpyhaliaetus coronatus,-49.6010000000,-17.0706000000,1
69,Harpyhaliaetus coronatus,-45.6684000000,-22.6762000000,1
71,Harpyhaliaetus coronatus,-64.9807000000,-25.2654000000,1
72,Harpyhaliaetus coronatus,-46.4955000000,-20.2506000000,1
73,Harpyhaliaetus coronatus,-50.4080000000,-29.2265000000,1
74,Harpyhaliaetus coronatus,-43.8142000000,-22.6835000000,1
75,Harpyhaliaetus coronatus,-67.6410000000,-34.4708000000,1
78,Harpyhaliaetus coronatus,-45.8713000000,-22.9557000000,1
80,Harpyhaliaetus coronatus,-63.7078000000,-29.4216000000,1
81,Harpyhaliaetus coronatus,-57.8795000000,-21.7007000000,1
82,Harpyhaliaetus coronatus,-44.3141000000,-20.9360000000,1
85,Harpyhaliaetus coronatus,-65.0157000000,-32.1635000000,1
87,Harpyhaliaetus coronatus,-52.8884000000,-18.2610000000,1
92,Harpyhaliaetus coronatus,-50.2593000000,-24.5625000000,1
93,Harpyhaliaetus coronatus,-65.2415000000,-32.1730000000,1
94,Harpyhaliaetus coronatus,-64.3730000000,-31.2035000000,1
95,Harpyhaliaetus coronatus,-67.9074000000,-34.0443000000,1
97,Harpyhaliaetus coronatus,-66.8624000000,-29.4124000000,1
99,Harpyhaliaetus coronatus,-45.0689000000,-22.1022000000,1
100,Harpyhaliaetus coronatus,-55.7859000000,-15.3648000000,1
101,Harpyhaliaetus coronatus,-44.9703000000,-21.8740000000,1
102,Harpyhaliaetus coronatus,-66.5197000000,-27.4135000000,1
105,Harpyhaliaetus coronatus,-65.4280000000,-31.3581000000,1
108,Harpyhaliaetus coronatus,-44.2934000000,-21.6857000000,1
109,Harpyhaliaetus coronatus,-43.5470330000,-20.3286490000,1
110,Harpyhaliaetus coronatus,-65.1753000000,-27.9266000000,1
112,Harpyhaliaetus coronatus,-43.8918000000,-22.6771000000,1
113,Harpyhaliaetus coronatus,-46.8084000000,-20.1387000000,1
114,Harpyhaliaetus coronatus,-47.7597000000,-14.7845000000,1
117,Harpyhaliaetus coronatus,-47.7552000000,-14.7876000000,1
118,Harpyhaliaetus coronatus,-43.8484000000,-20.2390000000,1
119,Harpyhaliaetus coronatus,-41.4549000000,-12.4747000000,1
120,Harpyhaliaetus coronatus,-67.1175000000,-32.5755000000,1
121,Harpyhaliaetus coronatus,-44.9220000000,-23.1550000000,1
122,Harpyhaliaetus coronatus,-62.7701000000,-30.1190000000,1
123,Harpyhaliaetus coronatus,-43.4162940000,-20.2961340000,1
125,Harpyhaliaetus coronatus,-64.7925270000,-32.1070510000,1
126,Harpyhaliaetus coronatus,-47.9234000000,-21.8224000000,1
127,Harpyhaliaetus coronatus,-50.5544000000,-29.5030000000,1
130,Harpyhaliaetus coronatus,-45.4053000000,-22.4702000000,1
131,Harpyhaliaetus coronatus,-48.8461000000,-25.4684000000,1
132,Harpyhaliaetus coronatus,-45.0238000000,-21.2125000000,1
134,Harpyhaliaetus coronatus,-67.9975000000,-33.8883000000,1
137,Harpyhaliaetus coronatus,-60.3664000000,-17.9051000000,1
138,Harpyhaliaetus coronatus,-60.3433000000,-22.3543000000,1
139,Harpyhaliaetus coronatus,-60.3418000000,-22.3554000000,1
140,Harpyhaliaetus coronatus,-44.9695000000,-21.3306000000,1
142,Harpyhaliaetus coronatus,-67.3327000000,-34.9894000000,1
143,Harpyhaliaetus coronatus,-45.0495000000,-22.7950000000,1
144,Harpyhaliaetus coronatus,-47.5508000000,-21.4789000000,1
146,Harpyhaliaetus coronatus,-66.7095000000,-32.3639000000,1
147,Harpyhaliaetus coronatus,-61.1341030000,-28.6148470000,1
148,Harpyhaliaetus coronatus,-48.8351000000,-15.7923000000,1
149,Harpyhaliaetus coronatus,-64.3457000000,-27.3245000000,1
150,Harpyhaliaetus coronatus,-61.1841000000,-30.2104000000,1
151,Harpyhaliaetus coronatus,-44.6242000000,-22.4066000000,1
152,Harpyhaliaetus coronatus,-61.1496000000,-30.1986000000,1
153,Harpyhaliaetus coronatus,-60.0333000000,-22.3500000000,1
154,Harpyhaliaetus coronatus,-61.0831210000,-30.2744370000,1
157,Harpyhaliaetus coronatus,-56.1034000000,-28.2753000000,1
158,Harpyhaliaetus coronatus,-44.8843000000,-21.2465000000,1
160,Harpyhaliaetus coronatus,-67.8161940000,-34.0879310000,1
161,Harpyhaliaetus coronatus,-65.9893590000,-32.3247500000,1
163,Harpyhaliaetus coronatus,-63.8463000000,-29.2776000000,1
166,Harpyhaliaetus coronatus,-43.7862000000,-18.5667000000,1
168,Harpyhaliaetus coronatus,-64.4433000000,-27.7231000000,1
169,Harpyhaliaetus coronatus,-47.7275000000,-15.8458000000,1
170,Harpyhaliaetus coronatus,-56.3986000000,-16.5422000000,1
171,Harpyhaliaetus coronatus,-55.7865000000,-19.2570000000,1
172,Harpyhaliaetus coronatus,-50.3884000000,-29.1349000000,1
173,Harpyhaliaetus coronatus,-43.0101000000,-16.9191000000,1
174,Harpyhaliaetus coronatus,-65.2183000000,-32.1765000000,1
176,Harpyhaliaetus coronatus,-52.2812000000,-22.5563000000,1
177,Harpyhaliaetus coronatus,-62.7036000000,-27.1897000000,1
178,Harpyhaliaetus coronatus,-64.3905000000,-27.7498000000,1
179,Harpyhaliaetus coronatus,-65.4146980000,-31.3423560000,1
181,Harpyhaliaetus coronatus,-62.3500000000,-21.6333000000,1
182,Harpyhaliaetus coronatus,-66.2042000000,-32.3563000000,1
184,Harpyhaliaetus coronatus,-46.5222000000,-20.2973000000,1
185,Harpyhaliaetus coronatus,-46.5712000000,-20.2468000000,1
186,Harpyhaliaetus coronatus,-65.5189540000,-31.2773930000,1
187,Harpyhaliaetus coronatus,-65.6485000000,-36.9076000000,1
189,Harpyhaliaetus coronatus,-56.4978000000,-27.9030000000,1
191,Harpyhaliaetus coronatus,-50.2648000000,-28.3265000000,1
192,Harpyhaliaetus coronatus,-56.7707000000,-16.6441000000,1
193,Harpyhaliaetus coronatus,-67.9390880000,-34.0454050000,1
194,Harpyhaliaetus coronatus,-43.5870580000,-20.3500540000,1
197,Harpyhaliaetus coronatus,-65.0213000000,-32.0401000000,1
198,Harpyhaliaetus coronatus,-56.7310000000,-20.7397000000,1
199,Harpyhaliaetus coronatus,-66.7795000000,-28.6136000000,1
200,Harpyhaliaetus coronatus,-46.4907000000,-23.9057000000,1
202,Harpyhaliaetus coronatus,-67.8114000000,-34.7376000000,1
203,Harpyhaliaetus coronatus,-44.1883000000,-22.1256000000,1
204,Harpyhaliaetus coronatus,-66.3606000000,-13.5599000000,1
205,Harpyhaliaetus coronatus,-64.0533000000,-23.8897000000,1
206,Harpyhaliaetus coronatus,-57.7286000000,-24.8543000000,1
207,Harpyhaliaetus coronatus,-56.0519000000,-28.1110000000,1
209,Harpyhaliaetus coronatus,-45.4023000000,-22.4269000000,1
210,Harpyhaliaetus coronatus,-66.3160000000,-13.3709000000,1
211,Harpyhaliaetus coronatus,-45.6308000000,-23.1232000000,1
212,Harpyhaliaetus coronatus,-65.4836000000,-30.9181000000,1
214,Harpyhaliaetus coronatus,-46.0689000000,-23.3252000000,1
215,Harpyhaliaetus coronatus,-44.3143000000,-20.9353000000,1
216,Harpyhaliaetus coronatus,-57.3688000000,-23.6679000000,1
217,Harpyhaliaetus coronatus,-66.6112000000,-13.3724000000,1
218,Harpyhaliaetus coronatus,-44.7614000000,-22.5350000000,1
219,Harpyhaliaetus coronatus,-45.1290000000,-23.2300000000,1
220,Harpyhaliaetus coronatus,-50.2185000000,-24.6747000000,1
222,Harpyhaliaetus coronatus,-49.5671000000,-28.0680000000,1
223,Harpyhaliaetus coronatus,-61.8277000000,-30.0354000000,1
224,Harpyhaliaetus coronatus,-45.4718000000,-22.9592000000,1
225,Harpyhaliaetus coronatus,-64.6132600000,-30.5558390000,1
226,Harpyhaliaetus coronatus,-49.8345000000,-28.0124000000,1
227,Harpyhaliaetus coronatus,-49.8951000000,-27.9679000000,1
229,Harpyhaliaetus coronatus,-46.9067000000,-9.0927300000,1
230,Harpyhaliaetus coronatus,-57.3206000000,-22.1624000000,1
231,Harpyhaliaetus coronatus,-44.7124000000,-22.4721000000,1
233,Harpyhaliaetus coronatus,-65.7511000000,-28.5928000000,1
234,Harpyhaliaetus coronatus,-46.3691000000,-20.3274000000,1
235,Harpyhaliaetus coronatus,-65.1655000000,-26.1038000000,1
236,Harpyhaliaetus coronatus,-61.6600000000,-21.0200000000,1
237,Harpyhaliaetus coronatus,-63.6686000000,-17.4724000000,1
240,Harpyhaliaetus coronatus,-42.4866000000,-22.2484000000,1
241,Harpyhaliaetus coronatus,-46.5976000000,-10.5969000000,1
242,Harpyhaliaetus coronatus,-65.5994000000,-37.9983000000,1
243,Harpyhaliaetus coronatus,-60.0000000000,-28.1667000000,1
244,Harpyhaliaetus coronatus,-61.7109000000,-29.1054000000,1
245,Harpyhaliaetus coronatus,-61.4472000000,-28.2515000000,1
246,Harpyhaliaetus coronatus,-60.3387000000,-22.3576000000,1
247,Harpyhaliaetus coronatus,-43.9839000000,-20.0941000000,1
249,Harpyhaliaetus coronatus,-53.4972000000,-19.3456000000,1
251,Harpyhaliaetus coronatus,-55.8247000000,-15.4440000000,1
252,Harpyhaliaetus coronatus,-53.7725000000,-19.4503000000,1
253,Harpyhaliaetus coronatus,-63.9906000000,-25.0226000000,1
254,Harpyhaliaetus coronatus,-63.1970000000,-23.9323000000,1
257,Harpyhaliaetus coronatus,-65.1360000000,-28.0868000000,1
258,Harpyhaliaetus coronatus,-65.8470000000,-13.0279000000,1
259,Harpyhaliaetus coronatus,-66.4178000000,-28.1545000000,1
262,Harpyhaliaetus coronatus,-66.5429000000,-35.1607000000,1
263,Harpyhaliaetus coronatus,-66.5893000000,-35.1634000000,1
265,Harpyhaliaetus coronatus,-65.6460130000,-11.1187670000,1
266,Harpyhaliaetus coronatus,-50.3939000000,-29.3897000000,1
267,Harpyhaliaetus coronatus,-65.7802000000,-31.1825000000,1
269,Harpyhaliaetus coronatus,-65.0555000000,-32.1498000000,1
270,Harpyhaliaetus coronatus,-57.0661000000,-24.2633000000,1
271,Harpyhaliaetus coronatus,-63.0813000000,-26.8637000000,1
272,Harpyhaliaetus coronatus,-65.7686000000,-11.1018000000,1
273,Harpyhaliaetus coronatus,-65.7820000000,-11.2117000000,1
274,Harpyhaliaetus coronatus,-65.7679000000,-11.1018000000,1
275,Harpyhaliaetus coronatus,-45.4716000000,-22.9590000000,1
276,Harpyhaliaetus coronatus,-67.2776000000,-31.4420000000,1
277,Harpyhaliaetus coronatus,-50.6408000000,-28.1830000000,1
279,Harpyhaliaetus coronatus,-65.3974000000,-36.4742000000,1
281,Harpyhaliaetus coronatus,-49.8778000000,-27.9917000000,1
282,Harpyhaliaetus coronatus,-49.8527000000,-28.0096000000,1
283,Harpyhaliaetus coronatus,-64.0620000000,-25.0874000000,1
284,Harpyhaliaetus coronatus,-56.6701000000,-27.5674000000,1
286,Harpyhaliaetus coronatus,-65.2568000000,-35.2655000000,1
287,Harpyhaliaetus coronatus,-57.1742000000,-28.5355000000,1
289,Harpyhaliaetus coronatus,-61.1769660000,-29.9768270000,1
290,Harpyhaliaetus coronatus,-61.2878000000,-29.8965000000,1
292,Harpyhaliaetus coronatus,-70.3288000000,-38.5704000000,1
293,Harpyhaliaetus coronatus,-45.5672000000,-23.4478000000,1
295,Harpyhaliaetus coronatus,-59.9425000000,-23.2644000000,1
296,Harpyhaliaetus coronatus,-69.8167000000,-38.3500000000,1
297,Harpyhaliaetus coronatus,-61.3680000000,-29.2487000000,1
299,Harpyhaliaetus coronatus,-64.3642000000,-31.1927000000,1
300,Harpyhaliaetus coronatus,-57.4727000000,-22.2612000000,1
301,Harpyhaliaetus coronatus,-48.4997000000,-10.0351000000,1
302,Harpyhaliaetus coronatus,-45.0211000000,-23.2337000000,1
303,Harpyhaliaetus coronatus,-43.9836000000,-20.0940000000,1
305,Harpyhaliaetus coronatus,-45.6335000000,-23.1145000000,1
310,Harpyhaliaetus coronatus,-61.0048000000,-30.4207000000,1
311,Harpyhaliaetus coronatus,-61.0016000000,-30.4200000000,1
313,Harpyhaliaetus coronatus,-65.6084000000,-38.0019000000,1
314,Harpyhaliaetus coronatus,-60.1327000000,-26.2143000000,1
316,Harpyhaliaetus coronatus,-45.3110000000,-23.2229000000,1
319,Harpyhaliaetus coronatus,-46.2078000000,-16.0489000000,1
320,Harpyhaliaetus coronatus,-64.5388000000,-32.0709000000,1
321,Harpyhaliaetus coronatus,-64.5544350000,-32.1162970000,1
324,Harpyhaliaetus coronatus,-64.4310510000,-32.1058150000,1
325,Harpyhaliaetus coronatus,-64.6527950000,-32.3663090000,1
326,Harpyhaliaetus coronatus,-51.7647000000,-20.8111000000,1
328,Harpyhaliaetus coronatus,-67.9797000000,-29.8883000000,1
330,Harpyhaliaetus coronatus,-65.3961000000,-36.2310000000,1
331,Harpyhaliaetus coronatus,-59.8347000000,-22.3882000000,1
333,Harpyhaliaetus coronatus,-61.3367000000,-21.4862000000,1
335,Harpyhaliaetus coronatus,-59.8333000000,-22.3833000000,1
340,Harpyhaliaetus coronatus,-55.7646000000,-15.4580000000,1
343,Harpyhaliaetus coronatus,-57.8871000000,-21.7038000000,1
344,Harpyhaliaetus coronatus,-57.9034000000,-22.0002000000,1
345,Harpyhaliaetus coronatus,-57.6459000000,-27.4141000000,1
346,Harpyhaliaetus coronatus,-57.7016000000,-27.3744000000,1
347,Harpyhaliaetus coronatus,-61.9335000000,-29.8730000000,1
348,Harpyhaliaetus coronatus,-44.5050000000,-22.3129000000,1
351,Harpyhaliaetus coronatus,-56.7400000000,-16.5730000000,1
352,Harpyhaliaetus coronatus,-44.5084000000,-22.3072000000,1
353,Harpyhaliaetus coronatus,-67.9129000000,-34.0504000000,1
354,Harpyhaliaetus coronatus,38.0858230000,-7.6722050000,1
355,Harpyhaliaetus coronatus,-57.1828000000,-15.0764000000,1
356,Harpyhaliaetus coronatus,-61.7585000000,-24.2800000000,1
357,Harpyhaliaetus coronatus,-49.3337000000,-26.5910000000,1
358,Harpyhaliaetus coronatus,-55.3789000000,-24.6650000000,1
359,Harpyhaliaetus coronatus,-66.7826000000,-28.7165000000,1
360,Harpyhaliaetus coronatus,-42.6033000000,-21.9478000000,1
361,Harpyhaliaetus coronatus,-61.6580000000,-21.2091000000,1
363,Harpyhaliaetus coronatus,-60.4061000000,-28.4963000000,1
365,Harpyhaliaetus coronatus,-49.9400000000,-28.2867000000,1
367,Harpyhaliaetus coronatus,-65.1047000000,-23.9006000000,1
368,Harpyhaliaetus coronatus,-57.4245000000,-28.6553000000,1
369,Harpyhaliaetus coronatus,-67.0085000000,-32.4979000000,1
374,Harpyhaliaetus coronatus,-67.0819722000,-32.3804722000,1
376,Harpyhaliaetus coronatus,-67.0055278000,-32.5672778000,1
377,Harpyhaliaetus coronatus,-65.5833333000,-38.2500000000,1
378,Harpyhaliaetus coronatus,-67.0142778000,-32.5009167000,1
379,Harpyhaliaetus coronatus,-67.0108611000,-32.6602500000,1
380,Harpyhaliaetus coronatus,-65.7500000000,-36.2666667000,1
381,Harpyhaliaetus coronatus,-66.9944444000,-32.4972222000,1
382,Harpyhaliaetus coronatus,-67.0630833000,-32.4800833000,1
383,Harpyhaliaetus coronatus,-66.8833333000,-36.7000000000,1
384,Harpyhaliaetus coronatus,-66.9944444000,-32.4973056000,1
385,Harpyhaliaetus coronatus,-60.3811028000,-29.4235611000,1
387,Harpyhaliaetus coronatus,-64.4900000000,-30.2000000000,1
388,Harpyhaliaetus coronatus,-65.7666667000,-36.7333333000,1
389,Harpyhaliaetus coronatus,-57.1600000000,-28.5300000000,1
390,Harpyhaliaetus coronatus,-63.8231639000,-40.4165472000,1
391,Harpyhaliaetus coronatus,-66.7166667000,-36.9166667000,1
393,Harpyhaliaetus coronatus,-65.4138000000,-32.3237000000,1
394,Harpyhaliaetus coronatus,-66.7171630000,-29.2527250000,1
395,Harpyhaliaetus coronatus,-65.5000000000,-36.6833333000,1
396,Harpyhaliaetus coronatus,-61.1851056000,-30.5422972000,1
397,Harpyhaliaetus coronatus,-62.0538889000,-28.3950000000,1
398,Harpyhaliaetus coronatus,-60.8985720000,-25.0395690000,1
399,Harpyhaliaetus coronatus,-59.1562889000,-25.6323028000,1
400,Harpyhaliaetus coronatus,-66.5500000000,-36.9166667000,1
401,Harpyhaliaetus coronatus,-65.2416667000,-32.1666667000,1
402,Harpyhaliaetus coronatus,-62.1429000000,-29.3343000000,1
403,Harpyhaliaetus coronatus,-64.3014000000,-30.5020000000,1
404,Harpyhaliaetus coronatus,-65.2938000000,-29.3600000000,1
405,Harpyhaliaetus coronatus,-65.8666667000,-36.6833333000,1
406,Harpyhaliaetus coronatus,-64.8800000000,-28.1500000000,1
407,Harpyhaliaetus coronatus,-60.7400000000,-28.4400000000,1
409,Harpyhaliaetus coronatus,-66.8889583000,-32.5827222000,1
410,Harpyhaliaetus coronatus,-67.1648556000,-32.7199667000,1
414,Harpyhaliaetus coronatus,-66.8800750000,-34.1412500000,1
415,Harpyhaliaetus coronatus,-67.6449139000,-34.4723500000,1
416,Harpyhaliaetus coronatus,-67.4953000000,-29.5727000000,1
417,Harpyhaliaetus coronatus,-61.1773528000,-29.8293833000,1
419,Harpyhaliaetus coronatus,-63.0035000000,-38.3831000000,1
420,Harpyhaliaetus coronatus,-64.2900000000,-31.0100000000,1
421,Harpyhaliaetus coronatus,-64.7079020000,-31.3907380000,1
423,Harpyhaliaetus coronatus,-64.9036740000,-29.5320950000,1
425,Harpyhaliaetus coronatus,-66.7833333000,-36.7333333000,1
426,Harpyhaliaetus coronatus,-64.6833333000,-36.7000000000,1
430,Harpyhaliaetus coronatus,-66.1333333000,-36.6000000000,1
431,Harpyhaliaetus coronatus,-66.1000000000,-36.6166667000,1
433,Harpyhaliaetus coronatus,-66.1666667000,-36.6000000000,1
434,Harpyhaliaetus coronatus,-66.0833333000,-36.6166667000,1
437,Harpyhaliaetus coronatus,-66.0000000000,-36.5000000000,1
438,Harpyhaliaetus coronatus,-66.2000000000,-36.4333333000,1
439,Harpyhaliaetus coronatus,-66.0333333000,-36.3166667000,1
440,Harpyhaliaetus coronatus,-65.3500000000,-37.7500000000,1
442,Harpyhaliaetus coronatus,-65.9166667000,-36.6833333000,1
443,Harpyhaliaetus coronatus,-66.1333333000,-36.6166667000,1
444,Harpyhaliaetus coronatus,-66.2333333000,-36.4833333000,1
445,Harpyhaliaetus coronatus,-65.9166667000,-36.6500000000,1
446,Harpyhaliaetus coronatus,-67.0833333000,-36.1500000000,1
447,Harpyhaliaetus coronatus,-65.4333333000,-36.7000000000,1
448,Harpyhaliaetus coronatus,-65.7333333000,-36.6833333000,1
449,Harpyhaliaetus coronatus,-65.7833333000,-36.7000000000,1
452,Harpyhaliaetus coronatus,-65.9500000000,-36.6333333000,1
453,Harpyhaliaetus coronatus,-65.0166667000,-36.7000000000,1
454,Harpyhaliaetus coronatus,-65.3500000000,-36.7000000000,1
455,Harpyhaliaetus coronatus,-65.5833333000,-38.0166667000,1
456,Harpyhaliaetus coronatus,-66.0166667000,-36.6333333000,1
457,Harpyhaliaetus coronatus,-65.7500000000,-36.5500000000,1
458,Harpyhaliaetus coronatus,-66.1333333000,-36.5166667000,1
459,Harpyhaliaetus coronatus,-65.3833333000,-36.7000000000,1
460,Harpyhaliaetus coronatus,-65.4000000000,-36.7000000000,1
461,Harpyhaliaetus coronatus,-64.2666667000,-36.5333333000,1
462,Harpyhaliaetus coronatus,-65.9666667000,-36.6333333000,1
463,Harpyhaliaetus coronatus,-66.0000000000,-36.6166667000,1
465,Harpyhaliaetus coronatus,-65.8000000000,-36.6833333000,1
467,Harpyhaliaetus coronatus,-65.6500000000,-36.6833333000,1
468,Harpyhaliaetus coronatus,-65.0000000000,-36.7166667000,1
470,Harpyhaliaetus coronatus,-65.7166667000,-36.6833333000,1
473,Harpyhaliaetus coronatus,-67.2166667000,-36.0000000000,1
475,Harpyhaliaetus coronatus,-65.7500000000,-36.6666667000,1
