id,taxon,long,lat,abundance
6,Harpyhaliaetus coronatus,-59.5960000000,-18.3170000000,1
7,Harpyhaliaetus coronatus,-59.5670000000,-18.1000000000,1
8,Harpyhaliaetus coronatus,-60.8957370000,-26.0465810000,1
11,Harpyhaliaetus coronatus,-65.7588540000,-11.3440750000,1
12,Harpyhaliaetus coronatus,-65.7114270000,-11.2405270000,1
13,Harpyhaliaetus coronatus,-61.0972160000,-31.8705970000,1
14,Harpyhaliaetus coronatus,-63.2615000000,-25.6217000000,1
15,Harpyhaliaetus coronatus,-64.6661000000,-30.8272000000,1
16,Harpyhaliaetus coronatus,-65.9223000000,-32.3968000000,1
22,Harpyhaliaetus coronatus,-43.0096000000,-16.8620000000,1
24,Harpyhaliaetus coronatus,-66.4020000000,-33.1539000000,1
34,Harpyhaliaetus coronatus,-50.3659000000,-29.0952000000,1
36,Harpyhaliaetus coronatus,-65.7647790000,-11.1625530000,1
44,Harpyhaliaetus coronatus,-65.6008420000,-11.3115440000,1
45,Harpyhaliaetus coronatus,-65.7831580000,-11.3222060000,1
46,Harpyhaliaetus coronatus,-56.8450000000,-14.9311000000,1
47,Harpyhaliaetus coronatus,-65.4798000000,-31.3760000000,1
50,Harpyhaliaetus coronatus,-43.9006000000,-22.6373000000,1
54,Harpyhaliaetus coronatus,-45.6777000000,-22.3128000000,1
57,Harpyhaliaetus coronatus,-64.3832000000,-32.1592000000,1
60,Harpyhaliaetus coronatus,-62.0947000000,-39.6975000000,1
65,Harpyhaliaetus coronatus,-58.6915000000,-25.8683000000,1
68,Harpyhaliaetus coronatus,-45.4019000000,-22.7262000000,1
70,Harpyhaliaetus coronatus,-45.5203000000,-22.8385000000,1
76,Harpyhaliaetus coronatus,-56.1750000000,-27.5283000000,1
77,Harpyhaliaetus coronatus,-44.7568000000,-22.3735000000,1
79,Harpyhaliaetus coronatus,-66.3193000000,-36.3349000000,1
83,Harpyhaliaetus coronatus,-46.4763000000,-20.2183000000,1
84,Harpyhaliaetus coronatus,-65.1688000000,-32.1674000000,1
86,Harpyhaliaetus coronatus,-44.4904000000,-22.9510000000,1
88,Harpyhaliaetus coronatus,-61.1141000000,-30.6158000000,1
89,Harpyhaliaetus coronatus,-56.8671000000,-15.0297000000,1
90,Harpyhaliaetus coronatus,-42.5084000000,-22.0564000000,1
91,Harpyhaliaetus coronatus,-49.7197000000,-24.2613000000,1
96,Harpyhaliaetus coronatus,-55.7799000000,-15.4256000000,1
98,Harpyhaliaetus coronatus,-65.0245000000,-32.0907000000,1
103,Harpyhaliaetus coronatus,-46.1914000000,-20.3816000000,1
104,Harpyhaliaetus coronatus,-47.2612000000,-13.8750000000,1
106,Harpyhaliaetus coronatus,-44.9707000000,-21.8716000000,1
107,Harpyhaliaetus coronatus,-50.3936000000,-29.4320000000,1
111,Harpyhaliaetus coronatus,-65.4838000000,-31.1497000000,1
115,Harpyhaliaetus coronatus,-44.6110000000,-22.4449000000,1
116,Harpyhaliaetus coronatus,-47.0358000000,-20.0171000000,1
124,Harpyhaliaetus coronatus,-43.4447530000,-20.2897030000,1
128,Harpyhaliaetus coronatus,-60.0350000000,-22.3985000000,1
129,Harpyhaliaetus coronatus,-65.1798000000,-35.3813000000,1
133,Harpyhaliaetus coronatus,-66.6333000000,-33.6667000000,1
135,Harpyhaliaetus coronatus,-64.9513000000,-31.8801000000,1
136,Harpyhaliaetus coronatus,-46.8128000000,-19.0076000000,1
141,Harpyhaliaetus coronatus,-68.1131000000,-30.1903000000,1
145,Harpyhaliaetus coronatus,-65.1672000000,-31.7969000000,1
155,Harpyhaliaetus coronatus,-62.0903000000,-28.0819000000,1
156,Harpyhaliaetus coronatus,-44.1964000000,-20.1416000000,1
159,Harpyhaliaetus coronatus,-57.4284000000,-28.6896000000,1
162,Harpyhaliaetus coronatus,-54.1365000000,-17.2003000000,1
164,Harpyhaliaetus coronatus,-45.6416000000,-23.0913000000,1
165,Harpyhaliaetus coronatus,-45.6294000000,-23.0792000000,1
167,Harpyhaliaetus coronatus,-46.4065000000,-20.2601000000,1
175,Harpyhaliaetus coronatus,-60.8854000000,-22.6180000000,1
180,Harpyhaliaetus coronatus,-66.2636000000,-36.6956000000,1
183,Harpyhaliaetus coronatus,-44.4687000000,-22.4816000000,1
188,Harpyhaliaetus coronatus,-51.1461000000,-23.9362000000,1
190,Harpyhaliaetus coronatus,-68.0276000000,-33.7713000000,1
195,Harpyhaliaetus coronatus,-43.5229450000,-20.2975090000,1
196,Harpyhaliaetus coronatus,-65.6857000000,-32.2478000000,1
201,Harpyhaliaetus coronatus,-64.6421000000,-27.0114000000,1
208,Harpyhaliaetus coronatus,-45.6491000000,-23.1194000000,1
213,Harpyhaliaetus coronatus,-50.5802000000,-29.4428000000,1
221,Harpyhaliaetus coronatus,-49.8529000000,-28.0043000000,1
228,Harpyhaliaetus coronatus,-46.4143000000,-20.3266000000,1
232,Harpyhaliaetus coronatus,-56.7130000000,-20.5358000000,1
238,Harpyhaliaetus coronatus,-56.7751000000,-17.3645000000,1
239,Harpyhaliaetus coronatus,-44.9600000000,-23.0893000000,1
248,Harpyhaliaetus coronatus,-53.2905000000,-19.3010000000,1
250,Harpyhaliaetus coronatus,-57.6327000000,-25.2760000000,1
255,Harpyhaliaetus coronatus,-45.0830000000,-23.4258000000,1
256,Harpyhaliaetus coronatus,-65.8288000000,-27.8490000000,1
260,Harpyhaliaetus coronatus,-65.1698030000,-32.1305800000,1
261,Harpyhaliaetus coronatus,-66.1107730000,-32.3827470000,1
264,Harpyhaliaetus coronatus,-64.7806780000,-35.0161500000,1
268,Harpyhaliaetus coronatus,-65.7526000000,-11.0647000000,1
278,Harpyhaliaetus coronatus,-50.8167000000,-28.8848000000,1
280,Harpyhaliaetus coronatus,-64.5048000000,-31.5871000000,1
285,Harpyhaliaetus coronatus,-57.3777000000,-22.7095000000,1
288,Harpyhaliaetus coronatus,-65.3049380000,-35.5674990000,1
291,Harpyhaliaetus coronatus,-65.9999000000,-13.7792000000,1
294,Harpyhaliaetus coronatus,-47.7957000000,-22.3248000000,1
298,Harpyhaliaetus coronatus,-44.5930000000,-22.6643000000,1
304,Harpyhaliaetus coronatus,-43.6349000000,-22.4883000000,1
306,Harpyhaliaetus coronatus,-46.4179000000,-20.3264000000,1
307,Harpyhaliaetus coronatus,-50.3662000000,-29.0548000000,1
308,Harpyhaliaetus coronatus,-60.9968840000,-30.4354340000,1
309,Harpyhaliaetus coronatus,-42.5174000000,-22.0552000000,1
312,Harpyhaliaetus coronatus,-42.4869000000,-22.0896000000,1
315,Harpyhaliaetus coronatus,-61.0888000000,-28.7670000000,1
317,Harpyhaliaetus coronatus,-44.9682000000,-21.3311000000,1
318,Harpyhaliaetus coronatus,-63.2291000000,-24.0561000000,1
322,Harpyhaliaetus coronatus,-64.5150000000,-32.0717000000,1
323,Harpyhaliaetus coronatus,-64.4676340000,-32.0658180000,1
327,Harpyhaliaetus coronatus,-44.7639000000,-23.2160000000,1
329,Harpyhaliaetus coronatus,-43.3419000000,-20.7937000000,1
332,Harpyhaliaetus coronatus,-50.5369000000,-29.3889000000,1
334,Harpyhaliaetus coronatus,-56.8538000000,-15.1694000000,1
336,Harpyhaliaetus coronatus,-46.6436000000,-21.5291000000,1
337,Harpyhaliaetus coronatus,-46.9813000000,-20.1094000000,1
338,Harpyhaliaetus coronatus,-46.9874000000,-20.1121000000,1
339,Harpyhaliaetus coronatus,-66.6803000000,-34.0504000000,1
341,Harpyhaliaetus coronatus,-42.9011250000,-19.1462160000,1
342,Harpyhaliaetus coronatus,-43.9696000000,-20.2775000000,1
349,Harpyhaliaetus coronatus,-44.5088610000,-22.2841360000,1
350,Harpyhaliaetus coronatus,-44.4803930000,-22.2415260000,1
362,Harpyhaliaetus coronatus,-64.3639000000,-31.1931000000,1
364,Harpyhaliaetus coronatus,-67.4562000000,-28.2432000000,1
366,Harpyhaliaetus coronatus,-49.9345000000,-27.9515000000,1
370,Harpyhaliaetus coronatus,-65.2420000000,-32.1681000000,1
371,Harpyhaliaetus coronatus,-66.9946667000,-32.4974167000,1
372,Harpyhaliaetus coronatus,-67.0096944000,-32.4847500000,1
373,Harpyhaliaetus coronatus,-67.1153611000,-32.4938611000,1
375,Harpyhaliaetus coronatus,-66.9943889000,-32.4970833000,1
386,Harpyhaliaetus coronatus,-65.7833333000,-36.6833333000,1
392,Harpyhaliaetus coronatus,-65.3016500000,-32.3090600000,1
408,Harpyhaliaetus coronatus,-60.5800000000,-28.1000000000,1
411,Harpyhaliaetus coronatus,-66.8036167000,-34.1078000000,1
412,Harpyhaliaetus coronatus,-66.8065222000,-34.1090250000,1
413,Harpyhaliaetus coronatus,-66.8771972000,-34.1400694000,1
418,Harpyhaliaetus coronatus,-65.6630639000,-38.0668556000,1
422,Harpyhaliaetus coronatus,-65.0453810000,-29.2963570000,1
424,Harpyhaliaetus coronatus,-62.5252900000,-30.5452000000,1
427,Harpyhaliaetus coronatus,-65.9333333000,-36.6833333000,1
428,Harpyhaliaetus coronatus,-65.9333333000,-36.6500000000,1
429,Harpyhaliaetus coronatus,-66.1500000000,-36.6000000000,1
432,Harpyhaliaetus coronatus,-66.9166667000,-36.1000000000,1
435,Harpyhaliaetus coronatus,-65.8833333000,-36.6833333000,1
436,Harpyhaliaetus coronatus,-65.6333333000,-36.6833333000,1
441,Harpyhaliaetus coronatus,-66.8333333000,-37.2000000000,1
450,Harpyhaliaetus coronatus,-66.0000000000,-36.6333333000,1
451,Harpyhaliaetus coronatus,-65.6166667000,-36.5166667000,1
464,Harpyhaliaetus coronatus,-66.0000000000,-36.6666667000,1
466,Harpyhaliaetus coronatus,-65.4166667000,-36.7000000000,1
469,Harpyhaliaetus coronatus,-66.1333333000,-36.5833333000,1
471,Harpyhaliaetus coronatus,-65.7833333000,-36.6166667000,1
472,Harpyhaliaetus coronatus,-65.6666667000,-36.6833333000,1
474,Harpyhaliaetus coronatus,-65.7500000000,-36.6833333000,1
